"","variable","lambda","shift_x"
"1","exg",0.53030303030303,0.087226478
"2","swirRatio",0.51010101010101,0
"3","tc_wet",0.53030303030303,0.398020134
